,NUMERO,NOM,TYPE_1,TYPE_2,POINTS_DE_VIE,POINTS_ATTAQUE,POINTS_DEFFENCE,POINTS_ATTAQUE_SPECIALE,POINT_DEFENSE_SPECIALE,POINTS_VITESSE,NOMBRE_GENERATIONS,LEGENDAIRE,nb_wins,nb_combats,win_ratio
0,1,Bulbizarre,Herbe,Poison,45,49,49,65,65,45,1,0,37,133,0.278
1,2,Herbizarre,Herbe,Poison,60,62,63,80,80,60,1,0,46,121,0.38
2,3,Florizarre,Herbe,Poison,80,82,83,100,100,80,1,0,89,132,0.674
3,4,Mega Florizarre,Herbe,Poison,80,100,123,122,120,80,1,0,70,125,0.56
4,5,Salamèche,Feu,,39,52,43,60,50,65,1,0,55,112,0.491
5,6,Reptincel,Feu,,58,64,58,80,65,80,1,0,64,118,0.542
6,7,Dracaufeu,Feu,Vol,78,84,78,109,85,100,1,0,115,133,0.865
7,8,Mega Dracaufeu X,Feu,Dragon,78,130,111,130,85,100,1,0,119,139,0.856
8,9,Mega Dracaufeu Y,Feu,Vol,78,104,78,159,115,100,1,0,114,135,0.844
9,10,Carapuce,Eau,,44,48,65,50,64,43,1,0,19,117,0.162
10,11,Carabaffe,Eau,,59,63,80,65,80,58,1,0,59,141,0.418
11,12,Tortank,Eau,,79,83,100,85,105,78,1,0,0,0,
12,13,Mega Tortank,Eau,,79,103,120,135,115,78,1,0,83,144,0.576
13,14,Chenipan,Insecte,,45,30,35,20,20,45,1,0,17,115,0.148
14,15,Chrysacier,Insecte,,50,20,55,25,25,30,1,0,13,133,0.098
15,16,Papilusion,Insecte,Vol,60,45,50,90,80,70,1,0,75,120,0.625
16,17,Aspicot,Insecte,Poison,40,35,30,20,20,50,1,0,26,111,0.234
17,18,Coconfort,Insecte,Poison,45,25,50,25,25,35,1,0,17,130,0.131
18,19,Dardargnan,Insecte,Poison,65,90,40,45,80,75,1,0,80,128,0.625
19,20,Mega Dardagnan,Insecte,Poison,65,150,40,15,80,145,1,0,115,119,0.966
20,21,Roucool,Normal,Vol,40,45,40,35,35,56,1,0,47,126,0.373
21,22,Roucoups,Normal,Vol,63,60,55,50,50,71,1,0,64,121,0.529
22,23,Roucarnage,Normal,Vol,83,80,75,70,70,101,1,0,112,130,0.862
23,24,Mega Roucarnage,Normal,Vol,83,80,80,135,80,121,1,0,119,126,0.944
24,25,Rattata,Normal,,30,56,35,25,35,72,1,0,65,135,0.481
25,26,Rattatac,Normal,,55,81,60,50,70,97,1,0,101,140,0.721
26,27,Piafabec,Normal,Vol,40,60,30,31,31,70,1,0,62,138,0.449
27,28,Rapasdepic,Normal,Vol,65,90,65,61,61,100,1,0,103,123,0.837
28,29,Abo,Poison,,35,60,44,40,54,55,1,0,48,131,0.366
29,30,Arbok,Poison,,60,85,69,65,79,80,1,0,72,125,0.576
30,31,Pikachu,Electrique,,35,55,40,50,50,90,1,0,93,136,0.684
31,32,Raichu,Electrique,,60,90,55,90,80,110,1,0,105,121,0.868
32,33,Sabelette,Sol,,50,75,85,20,30,40,1,0,0,0,
33,34,Sablaireau,Sol,,75,100,110,45,55,65,1,0,56,105,0.533
34,35,Nidoran male,Poison,,55,47,52,40,40,41,1,0,20,119,0.168
35,36,Nidorina,Poison,,70,62,67,55,55,56,1,0,57,148,0.385
36,37,Nidoqueen,Poison,Sol,90,92,87,75,85,76,1,0,66,122,0.541
37,38,Nidoran femelle,Poison,,46,57,40,40,40,50,1,0,34,136,0.25
38,39,Nidorino,Poison,,61,72,57,55,55,65,1,0,51,128,0.398
39,40,Nidoking,Poison,Sol,81,102,77,85,75,85,1,0,79,140,0.564
40,41,Mélofée,Fée,,70,45,48,60,65,35,1,0,20,127,0.157
41,42,Mélodelfe,Fée,,95,70,73,95,90,60,1,0,49,123,0.398
42,43,Goupix,Feu,,38,41,40,50,65,65,1,0,53,129,0.411
43,44,Feunard,Feu,,73,76,75,81,100,100,1,0,103,127,0.811
44,45,Rondoudou,Normal,Fée,115,45,20,45,25,20,1,0,15,130,0.115
45,46,Grodoudou,Normal,Fée,140,70,45,85,50,45,1,0,0,0,
46,47,Nosferapti,Poison,Vol,40,45,35,30,40,55,1,0,55,145,0.379
47,48,Nosferalto,Poison,Vol,75,80,70,65,75,90,1,0,97,128,0.758
48,49,Mystherbe,Herbe,Poison,45,50,55,75,65,30,1,0,9,143,0.063
49,50,Ortide,Herbe,Poison,60,65,70,85,75,40,1,0,28,129,0.217
50,51,Rafflesia,Herbe,Poison,75,80,85,110,90,50,1,0,44,124,0.355
51,52,Paras,Insecte,Herbe,35,70,55,45,55,25,1,0,13,138,0.094
52,53,Parasect,Insecte,Herbe,60,95,80,60,80,30,1,0,30,154,0.195
53,54,Mimitoss,Insecte,Poison,60,55,50,40,55,45,1,0,32,143,0.224
54,55,Aéromite,Insecte,Poison,70,65,60,90,75,90,1,0,92,140,0.657
55,56,Taupiqueur,Sol,,10,55,25,35,45,95,1,0,68,126,0.54
56,57,Triopikeur,Sol,,35,80,50,50,70,120,1,0,108,128,0.844
57,58,Miaouss,Normal,,40,45,35,40,40,90,1,0,91,140,0.65
58,59,Persian,Normal,,65,70,60,65,65,115,1,0,103,120,0.858
59,60,Psykokwak,Eau,,50,52,48,65,50,55,1,0,47,142,0.331
60,61,Akwakwak,Eau,,80,82,78,95,80,85,1,0,79,115,0.687
61,62,Férosinge,Combat,,40,80,35,35,45,70,1,0,55,118,0.466
62,63,,Combat,,65,105,60,60,70,95,1,0,85,108,0.787
63,64,Caninos,Feu,,55,70,45,70,50,60,1,0,54,120,0.45
64,65,Arcanin,Feu,,90,110,80,100,80,95,1,0,91,114,0.798
65,66,Ptitard,Eau,,40,50,40,40,40,90,1,0,0,0,
66,67,Têtarte,Eau,,65,65,65,50,50,90,1,0,90,125,0.72
67,68,Tartard,Eau,Combat,90,95,95,70,90,70,1,0,68,130,0.523
68,69,Abra,Psy,,25,20,15,105,55,90,1,0,35,108,0.324
69,70,Kadabra,Psy,,40,35,30,120,70,105,1,0,87,130,0.669
70,71,Alakazam,Psy,,55,50,45,135,95,120,1,0,108,140,0.771
71,72,Mega Alakazam,Psy,,55,50,65,175,95,150,1,0,86,110,0.782
72,73,Machoc,Combat,,70,80,50,35,35,35,1,0,21,150,0.14
73,74,Machopeur,Combat,,80,100,70,50,60,45,1,0,32,124,0.258
74,75,Mackogneur,Combat,,90,130,80,65,85,55,1,0,51,116,0.44
75,76,Chétiflor,Herbe,Poison,50,75,35,70,30,40,1,0,23,108,0.213
76,77,Boustiflor,Herbe,Poison,65,90,50,85,45,55,1,0,45,121,0.372
77,78,Empiflor,Herbe,Poison,80,105,65,100,70,70,1,0,0,0,
78,79,Tentacool,Eau,Poison,40,40,35,50,100,70,1,0,79,157,0.503
79,80,Tentacruel,Eau,Poison,80,70,65,80,120,100,1,0,94,117,0.803
80,81,Racaillou,Roche,Sol,40,80,100,30,30,20,1,0,16,135,0.119
81,82,Gravalanch,Roche,Sol,55,95,115,45,45,35,1,0,29,137,0.212
82,83,Grolem,Roche,Sol,80,120,130,55,65,45,1,0,50,135,0.37
83,84,Ponyta,Feu,,50,85,55,65,65,90,1,0,86,115,0.748
84,85,Galopa,Feu,,65,100,70,80,80,105,1,0,91,105,0.867
85,86,Ramoloss,Eau,Psy,90,65,65,40,40,15,1,0,24,122,0.197
86,87,Flagadoss,Eau,Psy,95,75,110,100,80,30,1,0,20,131,0.153
87,88,Mega Flagadoss,Eau,Psy,95,75,180,130,80,30,1,0,16,116,0.138
88,89,Magnéti,Electrique,Acier,25,35,70,95,55,45,1,0,24,143,0.168
89,90,Magnéton,Electrique,Acier,50,60,95,120,70,70,1,0,0,0,
90,91,Canarticho,Normal,Vol,52,65,55,58,62,60,1,0,52,116,0.448
91,92,Doduo,Normal,Vol,35,85,45,35,35,75,1,0,87,134,0.649
92,93,Dodrio,Normal,Vol,60,110,70,60,60,100,1,0,121,143,0.846
93,94,Otaria,Eau,,65,45,55,45,70,45,1,0,29,119,0.244
94,95,Lamantine,Eau,Glace,90,70,80,70,95,70,1,0,68,131,0.519
95,96,Tadmorv,Poison,,80,80,50,40,50,25,1,0,25,142,0.176
96,97,Grotadmorv,Poison,,105,105,75,65,100,50,1,0,50,133,0.376
97,98,Kokiyas,Eau,,30,65,100,45,25,40,1,0,21,111,0.189
98,99,Crustabri,Eau,Glace,50,95,180,85,45,70,1,0,71,134,0.53
99,100,Fantominus,Spectre,Poison,30,35,30,100,35,80,1,0,61,128,0.477
100,101,Spectrum,Spectre,Poison,45,50,45,115,55,95,1,0,77,111,0.694
101,102,Ectoplasma,Spectre,Poison,60,65,60,130,75,110,1,0,88,114,0.772
102,103,Mega Ectoplasma,Spectre,Poison,60,65,80,170,95,130,1,0,113,131,0.863
103,104,Onix,Roche,Sol,35,45,160,30,45,70,1,0,65,135,0.481
104,105,Soporifik,Psy,,60,48,45,43,90,42,1,0,30,137,0.219
105,106,Hypnomade,Psy,,85,73,70,73,115,67,1,0,61,119,0.513
106,107,Krabby,Eau,,30,105,90,25,25,50,1,0,38,137,0.277
107,108,Krabboss,Eau,,55,130,115,50,50,75,1,0,67,112,0.598
108,109,Voltorbe,Electrique,,40,30,50,55,55,100,1,0,66,113,0.584
109,110,Électrode,Electrique,,60,50,70,80,80,140,1,0,109,129,0.845
110,111,Noeunoeuf,Herbe,Psy,60,40,80,60,45,40,1,0,32,136,0.235
111,112,Noadkoko,Herbe,Psy,95,95,85,125,65,55,1,0,37,95,0.389
112,113,Osselait,Sol,,50,50,95,40,50,35,1,0,29,143,0.203
113,114,Ossatueur,Sol,,60,80,110,50,80,45,1,0,34,120,0.283
114,115,Kicklee,Combat,,50,120,53,35,110,87,1,0,82,128,0.641
115,116,Tygnon,Combat,,50,105,79,35,110,76,1,0,87,140,0.621
116,117,Excelangue,Normal,,90,55,75,60,75,30,1,0,19,136,0.14
117,118,Smogo,Poison,,40,65,95,60,45,35,1,0,20,143,0.14
118,119,Smogogo,Poison,,65,90,120,85,70,60,1,0,56,129,0.434
119,120,Rhinocorne,Sol,Roche,80,85,95,30,30,25,1,0,34,119,0.286
120,121,Rhinoféros,Sol,Roche,105,130,120,45,45,40,1,0,48,108,0.444
121,122,Leveinard,Normal,,250,5,5,35,105,50,1,0,15,98,0.153
122,123,Saquedeneu,Herbe,,65,55,115,100,40,60,1,0,49,129,0.38
123,124,Kangourex,Normal,,105,95,80,40,80,90,1,0,95,126,0.754
124,125,Mega Kangourex,Normal,,105,125,100,60,100,100,1,0,107,128,0.836
125,126,Hypotrempe,Eau,,30,40,70,70,25,60,1,0,55,133,0.414
126,127,Hypocéan,Eau,,55,65,95,95,45,85,1,0,78,118,0.661
127,128,Poissirène,Eau,,45,67,60,35,50,63,1,0,60,117,0.513
128,129,Poissoroy,Eau,,80,92,65,65,80,68,1,0,55,114,0.482
129,130,Stari,Eau,,30,45,55,70,55,85,1,0,80,142,0.563
130,131,Staross,Eau,Psy,60,75,85,100,85,115,1,0,116,129,0.899
131,132,M. Mime,Psy,Fée,40,45,65,100,120,90,1,0,76,136,0.559
132,133,Insécateur,Insecte,Vol,70,110,80,55,80,105,1,0,124,141,0.879
133,134,Lippoutou,Glace,Psy,65,50,35,115,95,95,1,0,99,135,0.733
134,135,Élektek,Electrique,,65,83,57,95,85,105,1,0,115,129,0.891
135,136,Magmar,Feu,,65,95,57,100,85,93,1,0,96,129,0.744
136,137,Scarabrute,Insecte,,65,125,100,55,70,85,1,0,81,124,0.653
137,138,Mega Scarabrute,Insecte,Vol,65,155,120,65,90,105,1,0,105,121,0.868
138,139,Tauros,Normal,,75,100,95,40,70,110,1,0,102,117,0.872
139,140,Magicarpe,Eau,,20,10,55,15,20,80,1,0,25,139,0.18
140,141,Léviator,Eau,Vol,95,125,79,60,100,81,1,0,82,133,0.617
141,142,Mega Léviator,Eau,Obscur,95,155,109,70,130,81,1,0,93,137,0.679
142,143,Lokhlass,Eau,Glace,130,85,80,85,95,60,1,0,61,139,0.439
143,144,Métamorph,Normal,,48,48,48,48,48,48,1,0,0,0,
144,145,Évoli,Normal,,55,55,50,45,65,55,1,0,37,99,0.374
145,146,Aquali,Eau,,130,65,60,110,95,65,1,0,69,132,0.523
146,147,Voltali,Electrique,,65,65,60,110,95,130,1,0,124,134,0.925
147,148,Pyroli,Feu,,65,130,60,95,110,65,1,0,70,132,0.53
148,149,Porygon,Normal,,65,60,70,85,75,40,1,0,23,128,0.18
149,150,Amonita,Roche,Eau,35,40,100,90,55,35,1,0,23,128,0.18
150,151,Amonistar,Roche,Eau,70,60,125,115,70,55,1,0,49,138,0.355
151,152,Kabuto,Roche,Eau,30,80,90,55,45,55,1,0,61,142,0.43
152,153,Kabutops,Roche,Eau,60,115,105,65,70,80,1,0,79,110,0.718
153,154,Ptéra,Roche,Vol,80,105,65,60,75,130,1,0,136,141,0.965
154,155,Mega Ptéra,Roche,Vol,80,135,85,70,95,150,1,0,127,129,0.984
155,156,Ronflex,Normal,,160,110,65,65,110,30,1,0,40,112,0.357
156,157,Artikodin,Glace,Vol,90,85,100,95,125,85,1,1,95,139,0.683
157,158,Électhor,Electrique,Vol,90,90,85,125,90,100,1,1,93,121,0.769
158,159,Sulfura,Feu,Vol,90,100,90,125,85,90,1,1,100,136,0.735
159,160,Minidraco,Dragon,,41,64,45,50,50,50,1,0,43,117,0.368
160,161,Draco,Dragon,,61,84,65,70,70,70,1,0,58,116,0.5
161,162,Dracolosse,Dragon,Vol,91,134,95,100,100,80,1,0,87,138,0.63
162,163,Mewtwo,Psy,,106,110,90,154,90,130,1,1,152,164,0.927
163,164,Mega Mewtwo X,Psy,Combat,106,190,100,154,100,130,1,1,125,135,0.926
164,165,Mega Mewtwo Y,Psy,,106,150,70,194,120,140,1,1,119,125,0.952
165,166,Mew,Psy,,100,100,100,100,100,100,1,0,94,113,0.832
166,167,Germignon,Herbe,,45,49,65,49,65,45,2,0,33,120,0.275
167,168,Macronium,Herbe,,60,62,80,63,80,60,2,0,49,113,0.434
168,169,Méganium,Herbe,,80,82,100,83,100,80,2,0,88,129,0.682
169,170,Héricendre,Feu,,39,52,43,60,50,65,2,0,61,121,0.504
170,171,Feurisson,Feu,,58,64,58,80,65,80,2,0,92,151,0.609
171,172,Typhlosion,Feu,,78,84,78,109,85,100,2,0,100,116,0.862
172,173,Kaiminus,Eau,,50,65,64,44,48,43,2,0,29,132,0.22
173,174,Crocrodil,Eau,,65,80,80,59,63,58,2,0,60,136,0.441
174,175,Aligatueur,Eau,,85,105,100,79,83,78,2,0,81,138,0.587
175,176,Fouinette,Normal,,35,46,34,35,45,20,2,0,9,125,0.072
176,177,Fouinar,Normal,,85,76,64,45,55,90,2,0,93,138,0.674
177,178,Hoothoot,Normal,Vol,60,30,30,36,56,50,2,0,36,111,0.324
178,179,Noarfang,Normal,Vol,100,50,50,76,96,70,2,0,68,136,0.5
179,180,Coxy,Insecte,Vol,40,20,30,40,80,55,2,0,28,123,0.228
180,181,Coxyclaque,Insecte,Vol,55,35,50,55,110,85,2,0,86,137,0.628
181,182,Mimigal,Insecte,Poison,40,60,40,40,40,30,2,0,13,137,0.095
182,183,Migalos,Insecte,Poison,70,90,70,60,60,40,2,0,0,0,
183,184,Nostenfer,Poison,Vol,85,90,80,70,80,130,2,0,113,122,0.926
184,185,Loupio,Eau,Electrique,75,38,38,56,56,67,2,0,60,114,0.526
185,186,Lanturn,Eau,Electrique,125,58,58,76,76,67,2,0,66,128,0.516
186,187,Pichu,Electrique,,20,40,15,35,35,60,2,0,36,105,0.343
187,188,Mélo,Fée,,50,25,28,45,55,15,2,0,7,112,0.062
188,189,Toudoudou,Normal,Fée,90,30,15,40,20,15,2,0,5,115,0.043
189,190,Togepi,Fée,,35,20,65,40,65,20,2,0,3,122,0.025
190,191,Togetic,Fée,Vol,55,40,85,80,105,40,2,0,30,127,0.236
191,192,Natu,Psy,Vol,40,50,45,70,45,70,2,0,64,116,0.552
192,193,Xatu,Psy,Vol,65,75,70,95,70,95,2,0,88,121,0.727
193,194,Wattouat,Electrique,,55,40,40,65,45,35,2,0,23,140,0.164
194,195,Lainergie,Electrique,,70,55,55,80,60,45,2,0,24,108,0.222
195,196,Pharamp,Electrique,,90,75,85,115,90,55,2,0,41,119,0.345
196,197,Mega Pharamp,Electrique,Dragon,90,95,105,165,110,45,2,0,37,128,0.289
197,198,Joliflor,Herbe,,75,80,95,90,100,50,2,0,30,139,0.216
198,199,Marill,Eau,Fée,70,20,50,20,50,40,2,0,19,122,0.156
199,200,Azumarill,E,Fée,100,50,80,60,80,50,2,0,44,128,0.344
200,201,Simularbre,Roche,,70,100,115,30,65,30,2,0,30,123,0.244
201,202,Tarpaud,Eau,,90,75,75,90,100,70,2,0,65,119,0.546
202,203,Granivol,Herbe,Vol,35,35,40,35,55,50,2,0,48,119,0.403
203,204,Floravol,Herbe,Vol,55,45,50,45,65,80,2,0,66,119,0.555
204,205,Cotovol,Herbe,Vol,75,55,70,55,95,110,2,0,114,135,0.844
205,206,Capumain,Normal,,55,70,55,40,55,85,2,0,87,123,0.707
206,207,Tournegrin,Herbe,,30,30,30,30,30,30,2,0,14,111,0.126
207,208,Héliatronc,Herbe,,75,75,55,105,85,30,2,0,23,142,0.162
208,209,Yanma,Insecte,Vol,65,65,45,75,45,95,2,0,90,125,0.72
209,210,Axoloto,Eau,Sol,55,45,45,25,25,15,2,0,6,125,0.048
210,211,Maraiste,Eau,Sol,95,85,85,65,65,35,2,0,36,140,0.257
211,212,Mentali,Psy,,65,65,60,130,95,110,2,0,117,142,0.824
212,213,Noctali,Obscur,,95,65,110,60,130,65,2,0,67,127,0.528
213,214,Cornèbre,Obscur,Vol,60,85,42,85,42,91,2,0,130,158,0.823
214,215,Roigada,Eau,Psy,95,75,80,100,110,30,2,0,32,132,0.242
215,216,Feuforêve,Spectre,,60,60,60,85,85,85,2,0,84,133,0.632
216,217,Zarbi,Psy,,48,72,48,72,48,48,2,0,33,127,0.26
217,218,Qulbutoké,Psy,,190,33,58,33,58,33,2,0,18,134,0.134
218,219,Girafarig,Normal,Psy,70,80,65,90,65,85,2,0,74,128,0.578
219,220,Pomdepik,Insecte,,50,65,90,35,35,15,2,0,16,109,0.147
220,221,Foretress,Insecte,Acier,75,90,140,60,60,40,2,0,37,123,0.301
221,222,Insolourdo,Normal,,100,70,70,65,65,45,2,0,26,137,0.19
222,223,Scorplane,Sol,Vol,65,75,105,35,65,85,2,0,93,134,0.694
223,224,Steelix,Acier,Sol,75,85,200,55,65,30,2,0,25,149,0.168
224,225,Mega Steelix,Acier,Sol,75,125,230,55,95,30,2,0,50,145,0.345
225,226,Snubbull,Fée,,60,80,50,40,40,30,2,0,21,137,0.153
226,227,Granbull,Fée,,90,120,75,60,60,45,2,0,35,119,0.294
227,228,Qwilfish,Eau,Poison,65,95,75,55,55,85,2,0,104,150,0.693
228,229,Cizayox,Insecte,Acier,70,130,100,55,80,65,2,0,76,125,0.608
229,230,Mega Cizayox,Insecte,Acier,70,150,140,65,100,75,2,0,77,140,0.55
230,231,Caratroc,Insecte,Roche,20,10,230,10,230,5,2,0,0,0,
231,232,Scarhino,Insecte,Combat,80,125,75,40,95,85,2,0,94,136,0.691
232,233,Mega Scarhino,Insecte,Combat,80,185,115,40,105,75,2,0,81,130,0.623
233,234,Farfuret,Obscur,Glace,55,95,55,35,75,115,2,0,106,113,0.938
234,235,Teddiursa,Normal,,60,80,50,50,50,40,2,0,26,109,0.239
235,236,Ursaring,Normal,,90,130,75,75,75,55,2,0,0,0,
236,237,Limagma,Feu,,40,40,40,70,40,20,2,0,4,123,0.033
237,238,Volcaropod,Feu,Roche,50,50,120,80,80,30,2,0,9,124,0.073
238,239,Marcacrin,Glace,Sol,50,50,40,30,30,50,2,0,37,133,0.278
239,240,Cochignon,Glace,Sol,100,100,80,60,60,50,2,0,36,118,0.305
240,241,Corayon,Eau,Roche,55,55,85,65,85,35,2,0,28,139,0.201
241,242,Rémoraid,Eau,,35,65,35,65,35,65,2,0,69,148,0.466
242,243,Octillery,Eau,,75,105,75,105,75,45,2,0,37,113,0.327
243,244,Cadoizo,Glace,Vol,45,55,45,65,45,75,2,0,74,130,0.569
244,245,Démanta,Eau,Vol,65,40,70,80,140,70,2,0,78,131,0.595
245,246,Airmure,Acier,Vol,65,80,140,40,70,70,2,0,70,134,0.522
246,247,Malosse,Obscur,Feu,45,60,30,80,50,65,2,0,58,126,0.46
247,248,Démolosse,Obscur,Feu,75,90,50,110,80,95,2,0,111,139,0.799
248,249,Mega Démolosse,Obscur,Feu,75,90,90,140,90,115,2,0,128,135,0.948
249,250,Hyporoi,Eau,Dragon,75,95,95,95,95,85,2,0,88,136,0.647
250,251,Phanpy,Sol,,90,60,60,40,40,40,2,0,39,132,0.295
251,252,Donphan,Sol,,90,120,120,60,60,50,2,0,48,136,0.353
252,253,Porygon2,Normal,,85,80,90,105,95,60,2,0,53,108,0.491
253,254,Cerfrousse,Normal,,73,95,62,85,65,85,2,0,90,135,0.667
254,255,Queulorior,Normal,,55,20,35,20,45,75,2,0,52,138,0.377
255,256,Debugant,Combat,,35,35,35,35,35,35,2,0,17,127,0.134
256,257,Kapoera,Combat,,50,95,95,35,110,70,2,0,72,139,0.518
257,258,Lippouti,Glace,Psy,45,30,15,85,65,65,2,0,46,127,0.362
258,259,Élekid,Electrique,,45,63,37,65,55,95,2,0,116,144,0.806
259,260,Magby,Feu,,45,75,37,70,55,83,2,0,81,131,0.618
260,261,Écrémeuh,Normal,,95,80,105,40,70,100,2,0,103,128,0.805
261,262,Leuphorie,Normal,,255,10,10,75,135,55,2,0,40,128,0.312
262,263,Raikou,Electrique,,90,85,75,115,100,115,2,1,91,97,0.938
263,264,Entei,Feu,,115,115,85,90,75,100,2,1,109,134,0.813
264,265,Suicune,Eau,,100,75,115,90,115,85,2,1,78,121,0.645
265,266,Embrylex,Roche,Sol,50,64,50,45,50,41,2,0,25,110,0.227
266,267,Ymphect,Roche,Sol,70,84,70,65,70,51,2,0,41,139,0.295
267,268,Tyranocif,Roche,Obscur,100,134,110,95,100,61,2,0,56,138,0.406
268,269,Mega Tyranocif,Roche,Obscur,100,164,150,95,120,71,2,0,70,124,0.565
269,270,Lugia,Psy,Vol,106,90,130,90,154,110,2,1,107,123,0.87
270,271,Ho-Oh,Feu,Vol,106,130,90,110,154,90,2,1,77,107,0.72
271,272,Celebi,Psy,Herbe,100,100,100,100,100,100,2,0,111,133,0.835
272,273,Arcko,Herbe,,40,45,35,65,55,70,3,0,52,116,0.448
273,274,Massko,Herbe,,50,65,45,85,65,95,3,0,76,105,0.724
274,275,Jungko,Herbe,,70,85,65,105,85,120,3,0,113,122,0.926
275,276,Mega Jungko,Herbe,Dragon,70,110,75,145,85,145,3,0,119,126,0.944
276,277,Poussifeu,Feu,,45,60,40,70,50,45,3,0,39,137,0.285
277,278,Galifeu,Feu,Combat,60,85,60,85,60,55,3,0,54,147,0.367
278,279,Braségali,Feu,Combat,80,120,70,110,70,80,3,0,79,123,0.642
279,280,Mega Braségali,Feu,Combat,80,160,80,130,80,100,3,0,104,123,0.846
280,281,Gobou,Eau,,50,70,50,50,50,40,3,0,22,135,0.163
281,282,Flobio,Eau,Sol,70,85,70,60,70,50,3,0,42,148,0.284
282,283,Laggron,Eau,Sol,100,110,90,85,90,60,3,0,65,136,0.478
283,284,Mega Laggron,Eau,Sol,100,150,110,95,110,70,3,0,77,130,0.592
284,285,Medhyèna,Obscur,,35,55,35,30,30,35,3,0,27,114,0.237
285,286,Grahyèna,Obscur,,70,90,70,60,60,70,3,0,85,133,0.639
286,287,Zigzaton,Normal,,38,30,41,30,41,60,3,0,31,107,0.29
287,288,Linéon,Normal,,78,70,61,50,61,100,3,0,101,124,0.815
288,289,Chenipotte,Insecte,,45,45,35,20,30,20,3,0,10,138,0.072
289,290,Armulys,Insecte,,50,35,55,25,25,15,3,0,3,138,0.022
290,291,Charmillon,Insecte,Vol,60,70,50,100,50,65,3,0,72,138,0.522
291,292,Blindalys,Insecte,,50,35,55,25,25,15,3,0,7,133,0.053
292,293,Papinox,Insecte,Poison,60,50,70,50,90,65,3,0,55,139,0.396
293,294,Nénupiot,Eau,Herbe,40,30,30,40,50,30,3,0,10,126,0.079
294,295,Lombre,Eau,Herbe,60,50,50,60,70,50,3,0,36,127,0.283
295,296,Ludicolo,Eau,Herbe,80,70,70,90,100,70,3,0,69,123,0.561
296,297,Grainipiot,Herbe,,40,40,50,30,30,30,3,0,11,126,0.087
297,298,Pifeuil,Herbe,Obscur,70,70,40,60,40,60,3,0,48,113,0.425
298,299,Tengalice,Herbe,Obscur,90,100,60,90,60,80,3,0,79,123,0.642
299,300,Nirondelle,Normal,Vol,40,55,30,30,30,85,3,0,86,125,0.688
300,301,Hélédelle,Normal,Vol,60,85,60,50,50,125,3,0,110,121,0.909
301,302,Goélise,Eau,Vol,40,30,30,55,30,85,3,0,56,120,0.467
302,303,Bekipan,Eau,Vol,60,50,100,85,70,65,3,0,59,124,0.476
303,304,Tarsal,Psy,Fée,28,25,25,45,35,40,3,0,23,143,0.161
304,305,Kirlia,Psy,Fée,38,35,35,65,55,50,3,0,36,136,0.265
305,306,Gardevoir,Psy,Fée,68,65,65,125,115,80,3,0,84,130,0.646
306,307,Mega Gardevoir,Psy,Fée,68,85,65,165,135,100,3,0,97,120,0.808
307,308,Arakdo,Insecte,Eau,40,30,32,50,52,65,3,0,47,128,0.367
308,309,Maskadra,Insecte,Vol,70,60,62,80,82,60,3,0,63,144,0.438
309,310,Balignon,Herbe,,60,40,60,40,60,35,3,0,26,144,0.181
310,311,Chapignon,Herbe,Combat,60,130,80,60,60,70,3,0,67,130,0.515
311,312,Parecool,Normal,,60,60,60,35,35,30,3,0,15,134,0.112
312,313,Vigoroth,Normal,,80,80,80,55,55,90,3,0,86,134,0.642
313,314,Monaflèmit,Normal,,150,160,100,95,65,100,3,0,133,150,0.887
314,315,Ningale,Insecte,Sol,31,45,90,30,30,40,3,0,25,114,0.219
315,316,Ninjask,Insecte,Vol,61,90,45,50,50,160,3,0,108,117,0.923
316,317,Munja,Insecte,Spectre,1,90,45,30,30,40,3,0,41,124,0.331
317,318,Chuchmur,Normal,,64,51,23,51,23,28,3,0,15,132,0.114
318,319,Ramboum,Normal,,84,71,43,71,43,48,3,0,37,143,0.259
319,320,Brouhabam,Normal,,104,91,63,91,73,68,3,0,65,127,0.512
320,321,Makuhita,Combat,,72,60,30,20,30,25,3,0,14,121,0.116
321,322,Hariyama,Combat,,144,120,60,40,60,50,3,0,0,0,
322,323,Azurill,Normal,Fée,50,20,40,20,40,20,3,0,13,135,0.096
323,324,Tarinor,Roche,,30,45,135,45,90,30,3,0,13,140,0.093
324,325,Skitty,Normal,,50,45,45,35,35,50,3,0,32,136,0.235
325,326,Delcatty,Normal,,70,65,65,55,55,70,3,0,58,116,0.5
326,327,Ténéfix,Obscur,Spectre,50,75,75,65,65,50,3,0,49,121,0.405
327,328,Mega Ténéfix,Obscur,Spectre,50,85,125,85,115,20,3,0,59,137,0.431
328,329,Mysdibule,Acier,Fée,50,85,85,55,55,50,3,0,48,123,0.39
329,330,Mega Mysdibule,Acier,Fée,50,105,125,55,95,50,3,0,53,141,0.376
330,331,Galekid,Acier,Roche,50,70,100,40,40,30,3,0,28,126,0.222
331,332,Galegon,Acier,Roche,60,90,140,50,50,40,3,0,36,142,0.254
332,333,Galeking,Acier,Roche,70,110,180,60,60,50,3,0,63,153,0.412
333,334,Mega Laggron,Acier,,70,140,230,60,80,50,3,0,48,148,0.324
334,335,Méditikka,Combat,Psy,30,40,55,40,55,60,3,0,45,139,0.324
335,336,Charmina,Combat,Psy,60,60,75,60,75,80,3,0,82,112,0.732
336,337,Mega Charmina,Combat,Psy,60,100,85,80,85,100,3,0,89,127,0.701
337,338,Dynavolt,Electrique,,40,45,40,65,40,65,3,0,77,136,0.566
338,339,Élecsprint,Electrique,,70,75,60,105,60,105,3,0,110,125,0.88
339,340,Mega Élecsprint,Electrique,,70,75,80,135,80,135,3,0,123,134,0.918
340,341,Posipi,Electrique,,60,50,40,85,75,95,3,0,92,122,0.754
341,342,Négapi,Electrique,,60,40,50,75,85,95,3,0,81,134,0.604
342,343,Muciole,Insecte,,65,73,55,47,75,85,3,0,76,111,0.685
343,344,Lumivole,Insecte,,65,47,55,73,75,85,3,0,104,160,0.65
344,345,Rosélia,Herbe,Poison,50,60,45,100,80,65,3,0,53,116,0.457
345,346,Gloupti,Poison,,70,43,53,43,53,40,3,0,21,110,0.191
346,347,Avaltout,Poison,,100,73,83,73,83,55,3,0,45,121,0.372
347,348,Carvanha,Eau,Obscur,45,90,20,65,20,65,3,0,66,129,0.512
348,349,Sharpedo,Eau,Obscur,70,120,40,95,40,95,3,0,107,132,0.811
349,350,Mega Sharpedo,Eau,Obscur,70,140,70,110,65,105,3,0,114,120,0.95
350,351,Wailmer,Eau,,130,70,35,70,35,60,3,0,45,112,0.402
351,352,Wailord,Eau,,170,90,45,90,45,60,3,0,59,138,0.428
352,353,Chamallot,Feu,Sol,60,60,40,65,45,35,3,0,19,120,0.158
353,354,Camérupt,Feu,Sol,70,100,70,105,75,40,3,0,26,112,0.232
354,355,Mega Camérupt,Feu,Sol,70,120,100,145,105,20,3,0,37,131,0.282
355,356,Chartor,Feu,,70,85,140,85,70,20,3,0,34,125,0.272
356,357,Spoink,Psy,,60,25,35,70,80,60,3,0,36,117,0.308
357,358,Groret,Psy,,80,45,65,90,110,80,3,0,59,108,0.546
358,359,Spinda,Normal,,60,60,60,60,60,60,3,0,48,126,0.381
359,360,Kraknoix,Sol,,45,100,45,45,45,10,3,0,41,139,0.295
360,361,Vibraninf,Sol,Dragon,50,70,50,50,50,70,3,0,70,124,0.565
361,362,Libégon,Sol,Dragon,80,100,80,80,80,100,3,0,105,116,0.905
362,363,Cacnea,Herbe,,50,85,40,85,40,35,3,0,22,126,0.175
363,364,Cacturne,Herbe,Obscur,70,115,60,115,60,55,3,0,66,142,0.465
364,365,Tylton,Normal,Vol,45,40,60,40,75,50,3,0,36,123,0.293
365,366,Altaria,Dragon,Vol,75,70,90,70,105,80,3,0,82,125,0.656
366,367,Mega Altaria,Dragon,Fée,75,110,110,110,105,80,3,0,90,137,0.657
367,368,Mangriff,Normal,,73,115,60,60,60,90,3,0,79,118,0.669
368,369,Séviper,Poison,,73,100,60,100,60,65,3,0,61,143,0.427
369,370,Séléroc,Roche,Psy,70,55,65,95,85,70,3,0,69,130,0.531
370,371,Solaroc,Roche,Psy,70,95,85,55,65,70,3,0,54,108,0.5
371,372,Barloche,Eau,Sol,50,48,43,46,41,60,3,0,70,148,0.473
372,373,Barbicha,Eau,Sol,110,78,73,76,71,60,3,0,41,123,0.333
373,374,Écrapince,Eau,,43,80,65,50,35,35,3,0,22,155,0.142
374,375,Colhomard,Eau,Obscur,63,120,85,90,55,55,3,0,34,121,0.281
375,376,Balbuto,Sol,Psy,40,40,55,40,70,55,3,0,61,149,0.409
376,377,Kaorine,Sol,Psy,60,70,105,70,120,75,3,0,73,122,0.598
377,378,Lilia,Roche,Herbe,66,41,77,61,87,23,3,0,15,124,0.121
378,379,Vacilys,Roche,Herbe,86,81,97,81,107,43,3,0,26,128,0.203
379,380,Anorith,Roche,Insecte,45,95,50,40,50,75,3,0,81,150,0.54
380,381,Armaldo,Roche,Insecte,75,125,100,70,80,45,3,0,37,112,0.33
381,382,Barpau,Eau,,20,15,20,10,55,80,3,0,33,123,0.268
382,383,Milobellus,Eau,,95,60,79,100,125,81,3,0,80,129,0.62
383,384,Morphéo,Normal,,70,70,70,70,70,70,3,0,64,121,0.529
384,385,Kecleon,Normal,,60,90,70,60,120,40,3,0,34,124,0.274
385,386,Polichombr,Spectre,,44,75,35,63,33,45,3,0,36,136,0.265
386,387,Branette,Spectre,,64,115,65,83,63,65,3,0,74,139,0.532
387,388,Mega Branette,Spectre,,64,165,75,93,83,75,3,0,83,126,0.659
388,389,Skelénox,Spectre,,20,40,90,30,90,25,3,0,15,132,0.114
389,390,Téraclope,Spectre,,40,70,130,60,130,25,3,0,21,121,0.174
390,391,Tropius,Herbe,Vol,99,68,83,72,87,51,3,0,56,134,0.418
391,392,Éoko,Psy,,65,50,70,95,80,65,3,0,52,122,0.426
392,393,Absol,Obscur,,65,130,60,75,60,75,3,0,89,129,0.69
393,394,Mega Absol,Obscur,,65,150,60,115,60,115,3,0,130,139,0.935
394,395,Okéoké,Psy,,95,23,48,23,48,23,3,0,6,130,0.046
395,396,Stalgamin,Glace,,50,50,50,50,50,50,3,0,39,127,0.307
396,397,Oniglali,Glace,,80,80,80,80,80,80,3,0,80,133,0.602
397,398,Mega Oniglali,Glace,,80,120,80,120,80,100,3,0,78,92,0.848
398,399,Obalie,Glace,Eau,70,40,50,55,50,25,3,0,8,131,0.061
399,400,Phogleur,Glace,Eau,90,60,70,75,70,45,3,0,32,134,0.239
400,401,Kaimorse,Glace,Eau,110,80,90,95,90,65,3,0,75,149,0.503
401,402,Coquiperl,Eau,,35,64,85,74,55,32,3,0,23,116,0.198
402,403,Serpang,Eau,,55,104,105,94,75,52,3,0,48,132,0.364
403,404,Rosabyss,Eau,,55,84,105,114,75,52,3,0,37,128,0.289
404,405,Relicanth,Eau,Roche,100,90,130,45,65,55,3,0,57,134,0.425
405,406,Lovdisc,Eau,,43,30,55,40,65,97,3,0,79,131,0.603
406,407,Draby,Dragon,,45,75,60,40,30,50,3,0,38,125,0.304
407,408,Drackhaus,Dragon,,65,95,100,60,50,50,3,0,43,123,0.35
408,409,Drattak,Dragon,Vol,95,135,80,110,80,100,3,0,113,137,0.825
409,410,Mega Drattak,Dragon,Vol,95,145,130,120,90,120,3,0,125,133,0.94
410,411,Terhal,Acier,Psy,40,55,80,35,60,30,3,0,20,133,0.15
411,412,Métang,Acier,Psy,60,75,100,55,80,50,3,0,42,136,0.309
412,413,Métalosse,Acier,Psy,80,135,130,95,90,70,3,0,57,110,0.518
413,414,Mega Métalosse,Acier,Psy,80,145,150,105,110,110,3,0,113,130,0.869
414,415,Regirock,Roche,,80,100,200,50,100,50,3,1,50,144,0.347
415,416,Regice,Glace,,80,50,100,100,200,50,3,1,33,140,0.236
416,417,Registeel,Acier,,80,75,150,75,150,50,3,1,35,113,0.31
417,418,Latias,Dragon,Psy,80,80,90,110,130,110,3,1,116,133,0.872
418,419,Mega Latias,Dragon,Psy,80,100,120,140,150,110,3,1,0,0,
419,420,Latios,Dragon,Psy,80,90,80,130,110,110,3,1,107,125,0.856
420,421,Mega Latios,Dragon,Psy,80,130,100,160,120,110,3,1,97,108,0.898
421,422,Kyogre,Eau,,100,100,90,150,140,90,3,1,92,128,0.719
422,423,Kyogre primaire,Eau,,100,150,90,180,160,90,3,1,97,132,0.735
423,424,Groudon,Sol,,100,150,140,100,90,90,3,1,106,133,0.797
424,425,Groudon primaire,Sol,Feu,100,180,160,150,90,90,3,1,91,121,0.752
425,426,Rayquaza,Dragon,Vol,105,150,90,150,90,95,3,1,116,140,0.829
426,427,Mega Rayquaza,Dragon,Vol,105,180,100,180,100,115,3,1,127,134,0.948
427,428,Jirachi,Acier,Psy,100,100,100,100,100,100,3,1,134,153,0.876
428,429,Deoxys forme normale,Psy,,50,150,50,150,50,150,3,1,99,106,0.934
429,430,Deoxys forme attaque,Psy,,50,180,20,180,20,150,3,1,121,134,0.903
430,431,Deoxys forme défense,Psy,,50,70,160,70,160,90,3,1,112,151,0.742
431,432,Deoxys forme rapide,Psy,,50,95,90,95,90,180,3,1,133,145,0.917
432,433,Tortipouss,Herbe,,55,68,64,45,55,31,4,0,14,120,0.117
433,434,Boskara,Herbe,,75,89,85,55,65,36,4,0,39,132,0.295
434,435,Torterra,Herbe,Sol,95,109,105,75,85,56,4,0,39,113,0.345
435,436,Ouisticram,Feu,,44,58,44,58,44,61,4,0,47,112,0.42
436,437,Chimpenfeu,Feu,Combat,64,78,52,78,52,81,4,0,79,123,0.642
437,438,Simiabraz,Feu,Combat,76,104,71,104,71,108,4,0,136,149,0.913
438,439,Tiplouf,Eau,,53,51,53,61,56,40,4,0,20,140,0.143
439,440,Prinplouf,Eau,,64,66,68,81,76,50,4,0,33,131,0.252
440,441,Pingoléon,Eau,Acier,84,86,88,111,101,60,4,0,57,123,0.463
441,442,Étourmi,Normal,Vol,40,55,30,30,30,60,4,0,54,124,0.435
442,443,Étourvol,Normal,Vol,55,75,50,40,40,80,4,0,75,119,0.63
443,444,Étouraptor,Normal,Vol,85,120,70,50,60,100,4,0,113,136,0.831
444,445,Keunotor,Normal,,59,45,40,35,40,31,4,0,19,133,0.143
445,446,Castorno,Normal,Eau,79,85,60,55,60,71,4,0,84,139,0.604
446,447,Crikzik,Insecte,,37,25,41,25,41,25,4,0,11,124,0.089
447,448,Mélokrik,Insecte,,77,85,51,55,51,65,4,0,63,122,0.516
448,449,Lixy,Electrique,,45,65,34,40,34,45,4,0,36,139,0.259
449,450,Luxio,Electrique,,60,85,49,60,49,60,4,0,56,126,0.444
450,451,Luxray,Electrique,,80,120,79,95,79,70,4,0,77,132,0.583
451,452,Rozbouton,Herbe,Poison,40,30,35,50,70,55,4,0,33,117,0.282
452,453,Roserade,Herbe,Poison,60,70,65,125,105,90,4,0,94,136,0.691
453,454,Kranidos,Roche,,67,125,40,30,30,58,4,0,35,102,0.343
454,455,Charkos,Roche,,97,165,60,65,50,58,4,0,48,123,0.39
455,456,Dinoclier,Roche,Acier,30,42,118,42,88,30,4,0,14,125,0.112
456,457,Bastiodon,Roche,Acier,60,52,168,47,138,30,4,0,24,121,0.198
457,458,Cheniti,Insecte,,40,29,45,29,45,36,4,0,18,123,0.146
458,459,Cheniselle cape de plante,Insecte,Herbe,60,59,85,79,105,36,4,0,21,126,0.167
459,460,Cheniselle cape de sable,Insecte,Sol,60,79,105,59,85,36,4,0,22,129,0.171
460,461,Cheniselle cape de corbeille,Insecte,Acier,60,69,95,69,95,36,4,0,36,138,0.261
461,462,Papilord,Insecte,Vol,70,94,50,94,50,66,4,0,65,135,0.481
462,463,Apitrini,Insecte,Vol,30,30,42,30,42,70,4,0,55,130,0.423
463,464,Apireine,Insecte,Vol,70,80,102,80,102,40,4,0,34,127,0.268
464,465,Pachirisu,Electrique,,60,45,70,45,90,95,4,0,103,141,0.73
465,466,Mustébouée,Eau,,55,65,35,60,30,85,4,0,68,111,0.613
466,467,Mustéflott,Eau,,85,105,55,85,50,115,4,0,112,124,0.903
467,468,Ceribou,Herbe,,45,35,45,62,53,35,4,0,16,135,0.119
468,469,Ceriflor,Herbe,,70,60,70,87,78,85,4,0,71,114,0.623
469,470,Sancoki,Eau,,76,48,48,57,62,34,4,0,18,154,0.117
470,471,Tritosor,Eau,Sol,111,83,68,92,82,39,4,0,22,124,0.177
471,472,Capidextre,Normal,,75,100,66,60,66,115,4,0,102,111,0.919
472,473,Baudrive,Spectre,Vol,90,50,34,60,44,70,4,0,71,113,0.628
473,474,Grodrive,Spectre,Vol,150,80,44,90,54,80,4,0,80,128,0.625
474,475,Laporeille,Normal,,55,66,44,44,56,85,4,0,93,135,0.689
475,476,Lockpin,Normal,,65,76,84,54,96,105,4,0,109,121,0.901
476,477,Mega Lockpin,Normal,Combat,65,136,94,54,96,135,4,0,124,129,0.961
477,478,Magirêve,Spectre,,60,60,60,105,105,105,4,0,106,125,0.848
478,479,Corboss,Obscur,Vol,100,125,52,105,52,71,4,0,0,0,
479,480,Chaglam,Normal,,49,55,42,42,37,85,4,0,71,117,0.607
480,481,Chaffreux,Normal,,71,82,64,64,59,112,4,0,111,119,0.933
481,482,Korillon,Psy,,45,30,50,65,50,45,4,0,17,123,0.138
482,483,Moufouette,Poison,Obscur,63,63,47,41,41,74,4,0,70,125,0.56
483,484,Moufflair,Poison,Obscur,103,93,67,71,61,84,4,0,85,119,0.714
484,485,Archéomire,Acier,Psy,57,24,86,24,86,23,4,0,14,110,0.127
485,486,Archéodong,Acier,Psy,67,89,116,79,116,33,4,0,37,141,0.262
486,487,Manzaï,Roche,,50,80,95,10,45,10,4,0,29,125,0.232
487,488,Mime Jr.,Psy,Fée,20,25,45,70,90,60,4,0,37,120,0.308
488,489,Ptiravi,Normal,,100,5,5,15,65,30,4,0,8,104,0.077
489,490,Pijako,Normal,Vol,76,65,45,92,42,91,4,0,111,149,0.745
490,491,Spiritomb,Spectre,Obscur,50,92,108,92,108,35,4,0,29,118,0.246
491,492,Griknot,Dragon,Sol,58,70,45,40,45,42,4,0,35,135,0.259
492,493,Carmache,Dragon,Sol,68,90,65,50,55,82,4,0,82,133,0.617
493,494,Carchacrok,Dragon,Sol,108,130,95,80,85,102,4,0,97,127,0.764
494,495,Mega Carchacrok,Dragon,Sol,108,170,115,120,95,92,4,0,85,120,0.708
495,496,Goinfrex,Normal,,135,85,40,40,85,5,4,0,81,118,0.686
496,497,Riolu,Combat,,40,70,40,35,40,60,4,0,49,125,0.392
497,498,Lucario,Combat,Acier,70,110,70,115,70,90,4,0,90,120,0.75
498,499,Mega Lucario,Combat,Acier,70,145,88,140,70,112,4,0,96,108,0.889
499,500,Hippopotas,Sol,,68,72,78,38,42,32,4,0,30,126,0.238
500,501,Hippodocus,Sol,,108,112,118,68,72,47,4,0,35,120,0.292
501,502,Rapion,Poison,Insecte,40,50,90,30,55,65,4,0,63,141,0.447
502,503,Drascore,Poison,Obscur,70,90,110,60,75,95,4,0,88,120,0.733
503,504,Cradopaud,Poison,Combat,48,61,40,61,40,50,4,0,29,114,0.254
504,505,Coatox,Poison,Combat,83,106,65,86,65,85,4,0,85,128,0.664
505,506,Vortente,Herbe,,74,100,72,90,72,46,4,0,28,114,0.246
506,507,Écayon,Eau,,49,49,56,49,61,66,4,0,68,131,0.519
507,508,Luminéon,Eau,,69,69,76,69,86,91,4,0,78,119,0.655
508,509,Babimanta,Eau,Vol,45,20,50,60,120,50,4,0,26,108,0.241
509,510,Blizzi,Herbe,Glace,60,62,50,62,60,40,4,0,22,121,0.182
510,511,Blizzaroi,Herbe,Glace,90,92,75,92,85,60,4,0,60,121,0.496
511,512,Mega Blizzaroi,Herbe,Glace,90,132,105,132,105,30,4,0,62,146,0.425
512,513,Dimoret,Obscur,Glace,70,120,65,45,85,125,4,0,116,119,0.975
513,514,Magnézone,Electrique,Acier,70,70,115,130,90,60,4,0,63,118,0.534
514,515,Coudlangue,Normal,,110,85,95,80,95,50,4,0,35,129,0.271
515,516,Rhinastoc,Sol,Roche,115,140,130,55,55,40,4,0,47,104,0.452
516,517,Bouldeneu,Herbe,,100,100,125,110,50,50,4,0,48,125,0.384
517,518,Élekable,Electrique,,75,123,67,95,85,95,4,0,94,123,0.764
518,519,Maganon,Feu,,75,95,67,125,95,83,4,0,79,111,0.712
519,520,Togekiss,Fée,Vol,85,50,95,120,115,80,4,0,73,126,0.579
520,521,Yanméga,Insecte,Vol,86,76,86,116,56,95,4,0,91,114,0.798
521,522,Phyllali,Herbe,,65,110,130,60,65,95,4,0,125,151,0.828
522,523,Givrali,Glace,,65,60,110,130,95,65,4,0,64,134,0.478
523,524,Scorvol,Sol,Vol,75,95,125,45,75,95,4,0,109,132,0.826
524,525,Mammochon,Glace,Sol,110,130,80,70,60,80,4,0,68,116,0.586
525,526,Porygon-Z,Normal,,85,80,70,135,75,90,4,0,103,147,0.701
526,527,Gallame,Psy,Combat,68,125,65,65,115,80,4,0,86,137,0.628
527,528,Mega Gallame,Psy,Combat,68,165,95,65,115,110,4,0,112,130,0.862
528,529,Tarinorme,Roche,Acier,60,55,145,75,150,40,4,0,26,130,0.2
529,530,Noctunoir,Spectre,,45,100,135,65,135,45,4,0,40,136,0.294
530,531,Momartik,Glace,Spectre,70,80,70,80,70,110,4,0,91,138,0.659
531,532,Motisma,Electrique,Spectre,50,50,77,95,77,91,4,0,71,120,0.592
532,533,Motisma chaud,Electrique,Feu,50,65,107,105,107,86,4,0,79,113,0.699
533,534,Mirosa lavage,Electrique,Eau,50,65,107,105,107,86,4,0,90,116,0.776
534,535,Motisma frost,Electrique,Glace,50,65,107,105,107,86,4,0,90,128,0.703
535,536,Motisma,Electrique,Vol,50,65,107,105,107,86,4,0,88,121,0.727
536,537,Mitosma tondu,Electrique,Herbe,50,65,107,105,107,86,4,0,98,134,0.731
537,538,Créhelf,Psy,,75,75,130,75,130,95,4,1,92,123,0.748
538,539,Créfollet,Psy,,80,105,105,105,105,80,4,1,79,133,0.594
539,540,Créfadet,Psy,,75,125,70,125,70,115,4,1,122,135,0.904
540,541,Dialga,Acier,Dragon,100,120,120,150,100,90,4,1,119,151,0.788
541,542,Palkia,Eau,Dragon,90,120,100,150,120,100,4,1,115,149,0.772
542,543,Heatran,Feu,Acier,91,90,106,130,106,77,4,1,85,131,0.649
543,544,Regigigas,Normal,,110,160,110,80,110,100,4,1,122,142,0.859
544,545,Giratina forme modifiée,Spectre,Dragon,150,100,120,100,120,90,4,1,74,111,0.667
545,546,Giratina forme originale,Spectre,Dragon,150,120,100,120,100,90,4,1,89,134,0.664
546,547,Cresselia,Psy,,120,70,120,75,130,85,4,0,79,118,0.669
547,548,Phione,Eau,,80,80,80,80,80,80,4,0,74,132,0.561
548,549,Manaphy,Eau,,100,100,100,100,100,100,4,0,118,134,0.881
549,550,Darkrai,Obscur,,70,90,90,135,90,125,4,1,110,117,0.94
550,551,Shaymin forme de terre,Herbe,,100,100,100,100,100,100,4,1,117,136,0.86
551,552,Shaymin forme de ciel,Herbe,Vol,100,103,75,120,75,127,4,1,111,118,0.941
552,553,Arceus,Normal,,120,120,120,120,120,120,4,1,114,122,0.934
553,554,Victini,Psy,Feu,100,100,100,100,100,100,5,1,115,131,0.878
554,555,Vipélierre,Herbe,,45,45,55,45,55,63,5,0,51,111,0.459
555,556,Lianaja,Herbe,,60,60,75,60,75,83,5,0,0,0,
556,557,Majaspic,Herbe,,75,75,95,75,95,113,5,0,119,132,0.902
557,558,Gruikui,Feu,,65,63,45,45,45,45,5,0,34,131,0.26
558,559,Grotichon,Feu,Combat,90,93,55,70,55,55,5,0,55,144,0.382
559,560,Roitiflam,Feu,Combat,110,123,65,100,65,65,5,0,72,138,0.522
560,561,Moustillon,Eau,,55,55,45,63,45,45,5,0,31,124,0.25
561,562,Mateloutre,Eau,,75,75,60,83,60,60,5,0,48,122,0.393
562,563,Clamiral,Eau,,95,100,85,108,70,70,5,0,65,115,0.565
563,564,Ratentif,Normal,,45,55,39,35,39,42,5,0,25,135,0.185
564,565,Miradar,Normal,,60,85,69,60,69,77,5,0,69,133,0.519
565,566,Ponchiot,Normal,,45,60,45,25,45,55,5,0,29,100,0.29
566,567,Ponchien,Normal,,65,80,65,35,65,60,5,0,53,138,0.384
567,568,Mastouffe,Normal,,85,110,90,45,90,80,5,0,72,116,0.621
568,569,Chacripan,Obscur,,41,50,37,50,37,66,5,0,59,114,0.518
569,570,Léopardus,Obscur,,64,88,50,88,50,106,5,0,123,135,0.911
570,571,Feuillajou,Herbe,,50,53,48,53,48,64,5,0,53,130,0.408
571,572,Feuiloutan,Herbe,,75,98,63,98,63,101,5,0,106,131,0.809
572,573,Flamajou,Feu,,50,53,48,53,48,64,5,0,60,130,0.462
573,574,Flamoutan,Feu,,75,98,63,98,63,101,5,0,113,127,0.89
574,575,Flotajou,Eau,,50,53,48,53,48,64,5,0,42,117,0.359
575,576,Flotoutan,Eau,,75,98,63,98,63,101,5,0,113,133,0.85
576,577,Munna,Psy,,76,25,45,67,55,24,5,0,5,128,0.039
577,578,Mushana,Psy,,116,55,85,107,95,29,5,0,9,132,0.068
578,579,Poichigeon,Normal,Vol,50,55,50,36,30,43,5,0,45,154,0.292
579,580,Colombeau,Normal,Vol,62,77,62,50,42,65,5,0,60,124,0.484
580,581,Déflaisan,Normal,Vol,80,115,80,65,55,93,5,0,102,130,0.785
581,582,Zébribon,Electrique,,45,60,32,50,32,76,5,0,80,135,0.593
582,583,Zéblitz,Electrique,,75,100,63,80,63,116,5,0,100,107,0.935
583,584,Nodulithe,Roche,,55,75,85,25,25,15,5,0,27,144,0.188
584,585,Géolithe,Roche,,70,105,105,50,40,20,5,0,44,131,0.336
585,586,Gigalithe,Roche,,85,135,130,60,80,25,5,0,60,148,0.405
586,587,Chovsourir,Psy,Vol,55,45,43,55,43,72,5,0,72,123,0.585
587,588,Rhinolove,Psy,Vol,67,57,55,77,55,114,5,0,103,116,0.888
588,589,Rototaupe,Sol,,60,85,40,30,45,68,5,0,70,109,0.642
589,590,Minotaupe,Sol,Acier,110,135,60,50,65,88,5,0,103,133,0.774
590,591,Nanméouïe,Normal,,103,60,86,60,86,50,5,0,46,133,0.346
591,592,Mega Nanméouïe,Normal,Fée,103,60,126,80,126,50,5,0,48,132,0.364
592,593,Charpenti,Combat,,75,80,55,25,35,35,5,0,28,150,0.187
593,594,Ouvrifier,Combat,,85,105,85,40,50,40,5,0,25,118,0.212
594,595,Bétochef,Combat,,105,140,95,55,65,45,5,0,39,130,0.3
595,596,Tritonde,Eau,,50,50,40,50,40,64,5,0,62,136,0.456
596,597,Batracné,Eau,Sol,75,65,55,65,55,69,5,0,54,124,0.435
597,598,Crapustule,Eau,Sol,105,95,75,85,75,74,5,0,68,119,0.571
598,599,Judokrak,Combat,,120,100,85,30,85,45,5,0,33,147,0.224
599,600,Karaclée,Combat,,75,125,75,30,75,85,5,0,85,136,0.625
600,601,Larveyette,Insecte,Herbe,45,53,70,40,60,42,5,0,35,136,0.257
601,602,Couverdure,Insecte,Herbe,55,63,90,50,80,42,5,0,26,123,0.211
602,603,Manternel,Insecte,Herbe,75,103,80,70,80,92,5,0,96,121,0.793
603,604,Venipatte,Insecte,Poison,30,45,59,30,39,57,5,0,37,132,0.28
604,605,Scobolide,Insecte,Poison,40,55,99,40,79,47,5,0,26,99,0.263
605,606,Brutapode,Insecte,Poison,60,100,89,55,69,112,5,0,106,114,0.93
606,607,Doudouvet,Herbe,Fée,40,27,60,37,50,66,5,0,46,127,0.362
607,608,Farfaduvet,Herbe,Fée,60,67,85,77,75,116,5,0,104,117,0.889
608,609,Chlorobule,Herbe,,45,35,50,70,50,30,5,0,23,146,0.158
609,610,Fragilady,Herbe,,70,60,75,110,75,90,5,0,91,127,0.717
610,611,Bargantua,Eau,,70,92,65,80,55,98,5,0,89,110,0.809
611,612,Mascaïman,Sol,Obscur,50,72,35,35,35,65,5,0,72,134,0.537
612,613,Escroco,Sol,Obscur,60,82,45,45,45,74,5,0,65,113,0.575
613,614,Crocorible,Sol,Obscur,95,117,80,65,70,92,5,0,111,132,0.841
614,615,Darumarond,Feu,,70,90,45,15,45,50,5,0,45,124,0.363
615,616,Darumacho forme standard,Feu,,105,140,55,30,55,95,5,0,109,133,0.82
616,617,Darumacho mode zen,Feu,Psy,105,30,105,140,105,55,5,0,43,122,0.352
617,618,Maracachi,Herbe,,75,86,67,106,67,60,5,0,0,0,
618,619,Crabicoque,Insecte,Roche,50,65,85,35,35,55,5,0,43,132,0.326
619,620,Crabaraque,Insecte,Roche,70,95,125,65,75,45,5,0,40,119,0.336
620,621,Baggiguane,Obscur,Combat,50,75,70,35,70,48,5,0,32,109,0.294
621,622,Baggaïd,Obscur,Combat,65,90,115,45,115,58,5,0,61,121,0.504
622,623,Cryptéro,Psy,Vol,72,58,80,103,80,97,5,0,109,152,0.717
623,624,Tutafeh,Spectre,,38,30,85,55,65,30,5,0,27,126,0.214
624,625,Tutankafer,Spectre,,58,50,145,95,105,30,5,0,30,122,0.246
625,626,Carapagos,Eau,Roche,54,78,103,53,45,22,5,0,30,129,0.233
626,627,Mégapagos,Eau,Roche,74,108,133,83,65,32,5,0,45,140,0.321
627,628,Arkéapti,Roche,Vol,55,112,45,74,45,70,5,0,66,118,0.559
628,629,Aéroptéryx,Roche,Vol,75,140,65,112,65,110,5,0,117,128,0.914
629,630,Miamiasme,Poison,,50,50,62,40,62,65,5,0,49,117,0.419
630,631,Miasmax,Poison,,80,95,82,60,82,75,5,0,87,145,0.6
631,632,Zorua,Obscur,,40,65,40,80,40,65,5,0,66,131,0.504
632,633,Zoroark,Obscur,,60,105,60,120,60,105,5,0,100,113,0.885
633,634,Chinchidou,Normal,,55,50,40,40,40,75,5,0,88,148,0.595
634,635,Pashmilla,Normal,,75,95,60,65,60,115,5,0,115,131,0.878
635,636,Scrutella,Psy,,45,30,50,55,65,45,5,0,26,125,0.208
636,637,Mesmérella,Psy,,60,45,70,75,85,55,5,0,37,123,0.301
637,638,Sidérella,Psy,,70,55,95,95,110,65,5,0,65,133,0.489
638,639,Nucléos,Psy,,45,30,40,105,50,20,5,0,4,129,0.031
639,640,Méios,Psy,,65,40,50,125,60,30,5,0,9,124,0.073
640,641,Symbios,Psy,,110,65,75,125,85,30,5,0,18,120,0.15
641,642,Couaneton,Eau,Vol,62,44,50,44,50,55,5,0,45,124,0.363
642,643,Lakmécygne,Eau,Vol,75,87,63,87,63,98,5,0,103,119,0.866
643,644,Sorbébé,Glace,,36,50,50,65,60,44,5,0,18,110,0.164
644,645,Sorboul,Glace,,51,65,65,80,75,59,5,0,55,126,0.437
645,646,Sorbouboul,Glace,,71,95,85,110,95,79,5,0,83,125,0.664
646,647,Vivaldaim,Normal,Herbe,60,60,50,40,50,75,5,0,70,119,0.588
647,648,Haydaim,Normal,Herbe,80,100,70,60,70,95,5,0,89,120,0.742
648,649,Emolga,Electrique,Vol,55,75,60,75,60,103,5,0,91,114,0.798
649,650,Carabing,Insecte,,50,75,45,40,45,60,5,0,53,121,0.438
650,651,Lançargot,Insecte,Acier,70,135,105,60,105,20,5,0,72,124,0.581
651,652,Trompignon,Herbe,Poison,69,55,45,55,55,15,5,0,14,120,0.117
652,653,Gaulet,Herbe,Poison,114,85,70,85,80,30,5,0,25,121,0.207
653,654,Viskuse,Eau,Spectre,55,40,50,65,85,40,5,0,42,132,0.318
654,655,Moyade,Eau,Spectre,100,60,70,85,105,60,5,0,0,0,
655,656,Mamanbo,Eau,,165,75,80,40,45,65,5,0,68,132,0.515
656,657,Statitik,Insecte,Electrique,50,47,50,57,50,65,5,0,64,138,0.464
657,658,Mygavolt,Insecte,Electrique,70,77,60,97,60,108,5,0,115,137,0.839
658,659,Grindur,Herbe,Acier,44,50,91,24,86,10,5,0,22,111,0.198
659,660,Noacier,Herbe,Acier,74,94,131,54,116,20,5,0,61,136,0.449
660,661,Tic,Acier,,40,55,70,45,60,30,5,0,12,113,0.106
661,662,Clic,Acier,,60,80,95,70,85,50,5,0,27,121,0.223
662,663,Cliticlic,Acier,,60,100,115,70,85,90,5,0,99,131,0.756
663,664,Anchwatt,Electrique,,35,55,40,45,40,60,5,0,45,126,0.357
664,665,Lampéroie,Electrique,,65,85,70,75,70,40,5,0,26,128,0.203
665,666,Ohmassacre,Electrique,,85,115,80,105,80,50,5,0,34,111,0.306
666,667,Lewsor,Psy,,55,55,55,85,55,30,5,0,21,159,0.132
667,668,Neitram,Psy,,75,75,75,125,95,40,5,0,21,134,0.157
668,669,Funécire,Spectre,Feu,50,30,55,65,55,20,5,0,16,117,0.137
669,670,Mélancolux,Spectre,Feu,60,40,60,95,60,55,5,0,57,135,0.422
670,671,Lugulabre,Spectre,Feu,60,55,90,145,90,80,5,0,68,112,0.607
671,672,Coupenotte,Dragon,,46,87,60,30,40,57,5,0,51,135,0.378
672,673,Incisache,Dragon,,66,117,70,40,50,67,5,0,59,129,0.457
673,674,Tranchodon,Dragon,,76,147,90,60,70,97,5,0,105,127,0.827
674,675,Polarhume,Glace,,55,70,40,60,40,40,5,0,31,115,0.27
675,676,Polagriffe,Glace,,95,110,80,70,80,50,5,0,48,129,0.372
676,677,Hexagel,Glace,,70,50,30,95,135,105,5,0,119,148,0.804
677,678,Escargaume,Insecte,,50,40,85,40,65,25,5,0,11,124,0.089
678,679,Limaspeed,Insecte,,80,70,40,100,60,145,5,0,118,128,0.922
679,680,Limonde,Sol,Electrique,109,66,84,81,99,32,5,0,29,144,0.201
680,681,Kungfouine,Combat,,45,85,50,55,50,65,5,0,66,130,0.508
681,682,Shaofouine,Combat,,65,125,60,95,60,105,5,0,121,131,0.924
682,683,Drakkarmin,Dragon,,77,120,90,60,90,48,5,0,39,140,0.279
683,684,Gringolem,Sol,Spectre,59,74,50,35,50,35,5,0,40,128,0.312
684,685,Golemastoc,Sol,Spectre,89,124,80,55,80,55,5,0,72,126,0.571
685,686,Scalpion,Obscur,Acier,45,85,70,40,40,60,5,0,57,109,0.523
686,687,Scalproie,Obscur,Acier,65,125,100,60,70,70,5,0,86,141,0.61
687,688,Frison,Normal,,95,110,95,40,95,55,5,0,48,119,0.403
688,689,Furaiglon,Normal,Vol,70,83,50,37,50,60,5,0,41,122,0.336
689,690,Gueriaigle,Normal,Vol,100,123,75,57,75,80,5,0,108,156,0.692
690,691,Vostourno,Obscur,Vol,70,55,75,45,65,60,5,0,56,122,0.459
691,692,Vaututrice,Obscur,Vol,110,65,105,55,95,80,5,0,92,147,0.626
692,693,Aflamanoir,Feu,,85,97,66,105,66,65,5,0,57,121,0.471
693,694,Fermite,Insecte,Acier,58,109,112,48,48,109,5,0,118,134,0.881
694,695,Solochi,Obscur,Dragon,52,65,50,45,50,38,5,0,34,124,0.274
695,696,Diamat,Obscur,Dragon,72,85,70,65,70,58,5,0,57,138,0.413
696,697,Trioxhydre,Obscur,Dragon,92,105,90,125,90,98,5,0,106,129,0.822
697,698,Pyronille,Insecte,Feu,55,85,55,50,55,60,5,0,58,137,0.423
698,699,Pyrax,Insecte,Feu,85,60,65,135,105,100,5,0,103,137,0.752
699,700,Cobaltium,Acier,Combat,91,90,129,90,72,108,5,1,117,128,0.914
700,701,Terrakium,Roche,Combat,91,129,90,72,90,108,5,1,105,123,0.854
701,702,Viridium,Herbe,Combat,91,90,72,90,129,108,5,1,112,125,0.896
702,703,Boréas forme Incarnate,Vol,,79,115,70,125,80,111,5,1,94,111,0.847
703,704,Boréas forme Therian,Vol,,79,100,80,110,90,121,5,1,121,125,0.968
704,705,Fulguris forme Incarnate,Electrique,Vol,79,115,70,125,80,111,5,1,108,125,0.864
705,706,Fulguris forme Therian,Electrique,Vol,79,105,70,145,80,101,5,1,99,115,0.861
706,707,Reshiram,Dragon,Feu,100,120,100,150,120,90,5,1,91,125,0.728
707,708,Zekrom,Dragon,Electrique,100,150,120,120,100,90,5,1,100,154,0.649
708,709,Démétéros forme incarnée,Sol,Vol,89,125,90,115,80,101,5,1,89,102,0.873
709,710,Démétéros forme Therian,Sol,Vol,89,145,90,105,80,91,5,1,112,131,0.855
710,711,Kyurem,Dragon,Glace,125,130,90,130,90,95,5,1,99,128,0.773
711,712,Kyurem noir,Dragon,Glace,125,170,100,120,90,95,5,1,77,100,0.77
712,713,Kyurem blanc,Dragon,Glace,125,120,90,170,100,95,5,1,100,128,0.781
713,714,Keldeo forme ordinaire,Eau,Combat,91,72,90,129,90,108,5,0,100,116,0.862
714,715,Keldeo forme resolue,Eau,Combat,91,72,90,129,90,108,5,0,108,121,0.893
715,716,Meloetta forme Aria,Normal,Psy,100,77,77,128,128,90,5,0,98,142,0.69
716,717,Meloetta forme Pirouette,Normal,Combat,100,128,90,77,77,128,5,0,118,123,0.959
717,718,Genesect,Insecte,Acier,71,120,95,120,95,99,5,0,105,128,0.82
718,719,Marisson,Herbe,,56,61,65,48,45,38,6,0,26,148,0.176
719,720,Boguérisse,Herbe,,61,78,95,56,58,57,6,0,48,119,0.403
720,721,Blindépique,Herbe,Combat,88,107,122,74,75,64,6,0,57,124,0.46
721,722,Feunnec,Feu,,40,45,40,62,60,60,6,0,41,121,0.339
722,723,Roussil,Feu,,59,59,58,90,70,73,6,0,67,115,0.583
723,724,Goupelin,Feu,Psy,75,69,72,114,100,104,6,0,104,126,0.825
724,725,Grenousse,Eau,,41,56,40,62,44,71,6,0,71,125,0.568
725,726,Croâporal,Eau,,54,63,52,83,56,97,6,0,107,139,0.77
726,727,Amphinobi,Eau,Obscur,72,95,67,103,71,122,6,0,122,127,0.961
727,728,Sapereau,Normal,,38,36,38,32,36,57,6,0,44,113,0.389
728,729,Excavarenne,Normal,Sol,85,56,77,50,77,78,6,0,68,128,0.531
729,730,Passerouge,Normal,Vol,45,50,43,40,38,62,6,0,55,136,0.404
730,731,Braisillon,Feu,Vol,62,73,55,56,52,84,6,0,92,127,0.724
731,732,Flambusard,Feu,Vol,78,81,71,74,69,126,6,0,120,132,0.909
732,733,Lépidonille,Insecte,,38,35,40,27,25,35,6,0,11,134,0.082
733,734,Pérégrain,Insecte,,45,22,60,27,30,29,6,0,10,133,0.075
734,735,Prismillon,Insecte,Vol,80,52,50,90,50,89,6,0,80,120,0.667
735,736,Hélionceau,Feu,Normal,62,50,58,73,54,72,6,0,55,124,0.444
736,737,Némélios,Feu,Normal,86,68,72,109,66,106,6,0,98,121,0.81
737,738,Flabébé,Fée,,44,38,39,61,79,42,6,0,34,151,0.225
738,739,Floette,Fée,,54,45,47,75,98,52,6,0,48,121,0.397
739,740,Florges,Fée,,78,65,68,112,154,75,6,0,76,121,0.628
740,741,Cabriolaine,Herbe,,66,65,48,62,57,52,6,0,46,127,0.362
741,742,Chevroum,Herbe,,123,100,62,97,81,68,6,0,62,129,0.481
742,743,Pandespiègle,Combat,,67,82,62,46,48,43,6,0,26,118,0.22
743,744,Pandarbare,Combat,Obscur,95,124,78,69,71,58,6,0,46,123,0.374
744,745,Couafarel,Normal,,75,80,60,65,90,102,6,0,113,131,0.863
745,746,Psystigri,Psy,,62,48,54,63,60,68,6,0,58,112,0.518
746,747,Mistigrix Male,Psy,,74,48,76,83,81,104,6,0,91,115,0.791
747,748,Mistigrix Femelle,Psy,,74,48,76,83,81,104,6,0,93,127,0.732
748,749,Monorpale,Acier,Spectre,45,80,100,35,37,28,6,0,35,112,0.312
749,750,Dimoclès,Acier,Spectre,59,110,150,45,49,35,6,0,44,132,0.333
750,751,Exagide forme de lame,Acier,,60,150,50,150,50,60,6,0,64,128,0.5
751,752,Exagide forme de bouclier,Acier,Spectre,60,50,150,50,150,60,6,0,63,121,0.521
752,753,Fluvetin,Fée,,78,52,60,63,65,23,6,0,8,133,0.06
753,754,Cocotine,Fée,,101,72,72,99,89,29,6,0,25,129,0.194
754,755,Sucroquin,Fée,,62,48,66,59,57,49,6,0,41,121,0.339
755,756,Cupcanaille,Fée,,82,80,86,85,75,72,6,0,81,131,0.618
756,757,Sepiatop,Obscur,Psy,53,54,53,37,46,45,6,0,34,110,0.309
757,758,Sepiatroce,Obscur,Psy,86,92,88,68,75,73,6,0,108,158,0.684
758,759,Opermine,Roche,Eau,42,52,67,39,56,50,6,0,37,129,0.287
759,760,Golgopathe,Roche,Eau,72,105,115,54,86,68,6,0,69,134,0.515
760,761,Venalgue,Poison,Eau,50,60,60,60,60,30,6,0,14,124,0.113
761,762,Kravarech,Poison,Dragon,65,75,90,97,123,44,6,0,31,156,0.199
762,763,Flingouste,Eau,,50,53,62,58,63,44,6,0,17,124,0.137
763,764,Gamblast,Eau,,71,73,88,120,89,59,6,0,64,147,0.435
764,765,Galvaran,Electrique,Normal,44,38,33,61,43,70,6,0,59,112,0.527
765,766,Iguolta,Electrique,Normal,62,55,52,109,94,109,6,0,94,120,0.783
766,767,Ptyranidur,Roche,Dragon,58,89,77,45,45,48,6,0,34,107,0.318
767,768,Rexillius,Roche,Dragon,82,121,119,69,59,71,6,0,82,152,0.539
768,769,Amagara,Roche,Glace,77,59,50,67,63,46,6,0,28,121,0.231
769,770,Dragmara,Roche,Glace,123,77,72,99,92,58,6,0,61,132,0.462
770,771,Nymphali,Fée,,95,65,65,110,130,60,6,0,49,122,0.402
771,772,Brutalibré,Combat,Vol,78,92,75,74,63,118,6,0,107,121,0.884
772,773,Dedenne,Electrique,Fée,67,58,57,81,67,101,6,0,109,124,0.879
773,774,Strassie,Roche,Fée,50,50,150,50,150,50,6,0,36,140,0.257
774,775,Mucuscule,Dragon,,45,50,35,55,75,40,6,0,25,117,0.214
775,776,Colimucus,Dragon,,68,75,53,83,113,60,6,0,59,130,0.454
776,777,Muplodocus,Dragon,,90,100,70,110,150,80,6,0,64,106,0.604
777,778,Trousselin,Acier,Fée,57,80,91,80,87,75,6,0,70,122,0.574
778,779,Brocélôme,Spectre,Herbe,43,70,48,50,60,38,6,0,33,138,0.239
779,780,Desséliande,Spectre,Herbe,85,110,76,65,82,56,6,0,59,150,0.393
780,781,Pitrouille taille moyenne,Spectre,Herbe,49,66,70,44,55,51,6,0,49,115,0.426
781,782,Pitrouille petite taille,Spectre,Herbe,44,66,70,44,55,56,6,0,0,0,
782,783,Pitrouille grande taille,Spectre,Herbe,54,66,70,44,55,46,6,0,51,121,0.421
783,784,Pitrouille super taille,Spectre,Herbe,59,66,70,44,55,41,6,0,33,131,0.252
784,785,Banshitrouye taille moyenne,Spectre,Herbe,65,90,122,58,75,84,6,0,92,128,0.719
785,786,Banshitrouye petite taille,Spectre,Herbe,55,85,122,58,75,99,6,0,98,121,0.81
786,787,Banshitrouye grande taille,Spectre,Herbe,75,95,122,58,75,69,6,0,71,124,0.573
787,788,Banshitrouye super taille,Spectre,Herbe,85,100,122,58,75,54,6,0,52,132,0.394
788,789,Grelaçon,Glace,,55,69,85,32,35,28,6,0,12,129,0.093
789,790,Séracrawl,Glace,,95,117,184,44,46,28,6,0,36,121,0.298
790,791,Sonistrelle,Vol,Dragon,40,30,35,45,40,55,6,0,40,127,0.315
791,792,Bruyverne,Vol,Dragon,85,70,80,97,80,123,6,0,107,115,0.93
792,793,Xerneas,Fée,,126,131,95,131,98,99,6,1,107,129,0.829
793,794,Yveltal,Obscur,Vol,126,131,95,131,98,99,6,1,111,137,0.81
794,795,Zygarde demi forme,Dragon,Sol,108,100,121,81,95,95,6,1,80,107,0.748
795,796,Diancie,Roche,Fée,50,100,150,100,150,50,6,1,39,105,0.371
796,797,Mega Diancie,Roche,Fée,50,160,110,160,110,110,6,1,116,131,0.885
797,798,Hoopa confiné,Psy,Spectre,80,110,60,150,130,70,6,1,60,119,0.504
798,799,Hoopa non lié,Psy,Obscur,80,160,60,170,130,80,6,1,89,144,0.618
799,800,Volcanion,Feu,Eau,80,110,120,130,90,70,6,1,75,121,0.62
